stockid,make,model,grade,chassis,year,month,kms,color,doors,cc,trans,fueltype,condition,ac,equip,jpy fob
n15856,Toyota,Prius 5d,L,ZVW30-1982701,2015,,43,black,0,1800,IA,H,4,AAC,"ps, pw, nav",585000
11485765,Toyota,Prius Alpha,S,ZVW41W-3359272,2015,,110,black,0,1800,IA,P,3.5,AAC,"ps, pw",573000
322771,Toyota,Aqua,G,NHP10-6226007,2013,,47,silver,0,1500,FAT,H,3.5,AAC,"ps, pw",365000
1173388,Toyota,C-hr,S,ZYX10-2079613,2017,,59,silver,0,1800,FAT,-,4,AAC,"ps, pw, abs",1260000
322716,Toyota,Aqua,S,NHP10-6602253,2017,,59,blue,0,1500,FAT,P,4,AAC,"ps, pw, st",580000
1173019,Toyota,Aqua,X,MXPK11-2024935,2021,,112,pearl,0,1500,IAT,-,4,AAC,"ps, pw, abs",850000
322631,Honda,Accord,ハイブリッド EX,CV3-1002042,2020,6,102,black,0,2000,FAT,P,4,AAC,"abs, ps, pw, sr, swt/lg",1685000
1172772,Toyota,Rav4,アドベンチャー 4WD,MXAA54-5010684,2020,,57,green,0,2000,FAT,-,3,,,2100000
322627,Toyota,Sienta,G,NSP170G-7030019,2016,,26,red,0,1500,AT,P,3.5,AC,"abs, ps, pw, sr, tv, nc",755000
1172820,Toyota,Corolla Cross,Hybrid S,ZVG11-1054701,2023,,24,silver,0,1800,FAT,H,3.5,AAC,"ps, pw, abs",2155000
1172817,Toyota,Corolla Touring,Hybrid G-X,ZWE211W-6061798,2021,,90,white,0,1800,FAT,H,3.5,AAC,"ps, pw, abs",1275000
322510,Nissan,NV350 Caravan Van,LongVX,VW2E26-123185,2021,,114,grey,0,2500,IAT,D,3.5,,,1425000
1172564,Nissan,Cube,15X V Smart,Z12-313130,2016,,77,blue,0,1500,AT,P,3,AC,"ps, pw, abs",275000
1172581,Honda,Jade,HYBRID,FR4-1003525,2015,,50,black,0,1500,FAT,H,3.5,AAC,"ps, pw",550000
1172517,Toyota,Porte 4d,F,NCP141-9135928,2014,,49,red,0,1500,IA,-,3,AC,"ps, pw",320000
1172418,Subaru,Levorg 4wd,1.6GTEYESIGHT PF,VM4-065517,2015,,65,red,0,1600,FAT,P,3.5,AAC,"ps, pw, sw",520000
1172314,Toyota,Aqua,G,NHP10-2312488,2014,,79,pearl,0,1500,FAT,-,3.5,AAC,"ps, pw, abs",390000
1171545,Toyota,C-hr,G,ZYX10-2028576,2017,,37,red,0,1800,FAT,-,3.5,,,1380000
322299,Toyota,Prius,S TouringSelection,ZVW51-6106898,2019,,24,blue,5,1800,IAT,H,3,,,1350000
322312,Subaru,Xv,2.0i アイサイト プラウド4W,GP7-102721,2015,,46,orange,0,2000,FAT,-,3.5,,,562000
1172013,Toyota,Aqua,CROSSOVER,NHP10H-6080519,2017,,38,blue,0,1500,FAT,-,3.7,,,760000
1171904,Toyota,C-hr,G,ZYX10-2089296,2017,,95,pearl,0,1800,FAT,-,3.5,,,1270000
1171883,Suzuki,Swift,RS,ZC72S-303030,2013,,83,black,0,1200,FAT,-,3.5,AAC,"ps, pw, ew, abs",400000
322296,Subaru,レヴォーグ,1.6GTアイサイト Sスタイル,VM4-071064,2016,,123,pearl,0,1600,FAT,-,4,,,425000
322293,Toyota,Wish,1.8X,ZGE20G-0185889,2013,,113,red,0,1800,IAT,-,3.7,,,421000
1171699,Toyota,C-hr,S,ZYX10-2022718,2017,,57,pearl,0,1800,AT,-,4,,,1310000
322167,Toyota,Aqua,S,NHP10-6591085,2017,,25,blue,0,1500,FAT,-,3.5,,,864000
1171591,Mazda,Cx-8,25S BLACK TONE E,KG5P-254916,2021,,115,black,0,2500,FAT,-,4.5,,,1585000
1171515,Toyota,C-hr,G,ZYX10-2013571,2017,,49,green,0,1800,FAT,-,A2,,,1450000
1171129,Toyota,Aqua,Z,MXPK11-2008617,2021,,66,black,0,1500,IAT,-,3,AAC,"ps, pw, aw, abs",1120000
1171137,Toyota,Harrier Hybrid,S,AXUH80-0056573,2023,,56,beige,0,2500,FAT,H,3,,,2100000
1171138,Toyota,Avensis wagon,Xi,ZRT272W-0008457,2013,,46,black,0,2000,FAT,-,3.5,AAC,"ps, pw, abs",520000
322088,Nissan,Nv200,DX (2 seats) エマージェン,VM20-167719,2021,,98,white,0,1600,AT,P,4,AC,"ps, pw, rm",785000
1167985,Honda,Cr-v,Hybrid EX,RT5-1002691,2019,9,100,dark/blue,0,2000,DAT,H,4,,,1900000
321957,Toyota,C-hr,S LED EDITION,ZYX10-2157182,2019,,30,black,5,1800,FAT,H,4,AAC,"abs, ew, ps, pw, sr, nc",1465000
321955,Toyota,C-hr,S LED PACKAGE,ZYX10-2169580,2019,,80,pearl-white,5,1800,FAT,H,4,,,1420000
321973,Mazda,Demio,13S,DJ3FS-140717,2015,,38,meteor-grey,0,1300,FAT,-,3.5,,,525000
1170930,Lexus,Rx,RX200t Version L,AGL20W-0004905,2017,,98,pearl,0,2000,FAT,P,,,,2280000
1170832,Toyota,Aqua,S,NHP10-2426512,2015,,51,purple,0,1500,FAT,-,3.5,,,550000
1170883,Nissan,Note,,E12-208345,2014,,52,blue,0,1200,AT,-,3.5,AAC,"ps, pw",290000
1170749,Tesla,Model3,Long Range 4WD,LRW-3F7EK4MC311,2021,,37,white,0,0,CAT,E,4.5,,,2300000
1170748,Lexus,Nx,NX200t I Package,AYZ10-1004382,2015,,95,pearl,0,2500,FAT,-,3.5,,,1550000
1170719,Toyota,C-hr,G,ZYX10-2033861,2017,,85,red,0,1800,FAT,-,3.5,,,1300000
1170622,Honda,Cr-v,ハイブリッドEXマスターピース,RT6-1000513,2018,12,114,pearl-white,0,2000,DAT,P,4,,,1600000
321785,Mazda,Demio,15C,DJLFS-626812,2019,,43,pearl,5,1500,FAT,P,3.5,,,662000
1170382,Toyota,Prius Alpha,S,ZVW41W-0038018,2016,,85,black,0,1800,IAT,-,3.5,,,875000
1170158,Toyota,Aqua,S,NHP10-6581401,2017,,80,gray,0,1500,FAT,H,3.5,,,540000
1169805,Toyota,Aqua,S,NHP10-2583768,2016,,77,yellow,0,1500,FAT,-,3.5,,,490000
321598,Toyota,C-hr,G LED Edition,ZYX10-2119232,2018,,97,red,5,1800,FAT,H,4,,,1278000
1169512,Toyota,Hiace Van,LongDX GL Package,GDH201V-1119628,2025,,17,white,0,2800,IAT,D,4,,,2755000
1168556,Toyota,Aqua,G’sレザーセレクション,NHP10-6592475,2017,,98,blue,0,1500,FAT,-,4,AAC,"ps, pw, abs",730000
321136,Nissan,March,S,K13-094514,2021,,7,silver k23,0,1200,FAT,P,4.5,,,595000
1168375,Toyota,Corolla Sports,Hybrid G,ZWE211H-1012018,2018,,57,black,0,1800,FAT,H,4,,,1290000
1166879,Toyota,Vellfire Hybrid,X 4WD,AYH30W-0003920,2015,,99,black,0,2500,IAT,H,4,,,1690000
1166877,Toyota,Corolla Touring,Hybrid G 4WD,ZWE215W-0006400,2023,,82,white,0,1800,FAT,H,3.5,,,1400000
320637,Nissan,Nv200 Vanette Van,DX,VM20-192597,2022,,31,white,5,1600,AT,P,3.5,,,1200000
1165726,Suzuki,Ignis,HYBRID MX,FF21S-124616,2016,,74,orange,0,1200,FAT,H,,,,350000
1165080,Subaru,Forester,アドバンス 4WD,SKE-015912,2019,,89,silver,0,2000,FAT,-,4,AAC,"ps, pw, ew",1330000
1164312,Mazda,Demio,13- Skyactive,DEJFS-136281,2013,,62,brown,0,1300,AT,P,4,,,260000
1163311,Toyota,C-hr,G,ZYX10-2016800,2017,,51,silver,0,1800,FAT,-,4.5,,,1380000
1162086,Nissan,X-trail,X_e-4ORCE,SNT33-004794,2022,,80,gray,0,1500,FAT,P,5,,,2100000
318545,Mazda,Mazda3,20S L Package,BPFP-116352,2021,,30,silver,5,2000,FAT,P,4.5,AAC,"abs, aw, ps, pw, sm, tr",1450000
318546,Toyota,C-hr,G Mode Nero Safety,ZYX11-2040207,2021,3,63,black,5,1797,FAT,P,4.5,AAC,"abs, aw, ps, pw, es, s",1880000
318423,BMW,5 Series,523i_M Sports,WBA-JA12080BJ155,2020,,47,black,5,2000,AT,P,4.5,AAC,"abs, aw, ps, pw, es, r",1840000
318421,BMW,3 Series,320i_Mスポーツエディション,WBA-8A19090NU774,2018,,72,black,5,2000,FAT,P,4.5,AAC,"abs, aw, ps, pw, es, r",1350000
317214,Toyota,Alphard Hybrid,X 4WD,AYH30W-0132485,2021,,84,pearl,5,2500,IAT,H,3.5,WAC,"abs, ps, pw, em, tv, na",2580000
316929,Toyota,Harrier,Hybrid Z,AXUH80-0043256,2022,,58,black,5,2500,FAT,H,5,,,2700000
1153771,Honda,CBR650R,UNKNOWN,RH03-1201,2023,,26,white,0,650,MT,G,5,UNKNOWN,,822000
1153108,Honda,CBR650R,UNKNOWN,RH03E-1200214,2023,,3,black,0,650,MT,G,5,UNKNOWN,,980000
1153106,BMW,NINE TSCRAMBLER,UNKNOWN,WB10L7105P6G08,2023,,10,gray,0,1170,MT,G,5,UNKNOWN,,1110000
1150840,HONDA,REBEL250,A,MC49-1410498,2024,,28,MATBLACK,0,250,MT,P,5,UNKNOWN,,452000
1150839,DUCATI,STREETFIGHTER,V4S,ZDM1F00AAMB0028,2021,,19,RED,0,1100,MT,P,5,UNKNOWN,,1522000
315020,Toyota,Harrier Hybrid 4wd,ELEGANCE,AVU65W-0038177,2015,,94,silver,5,2500,IA,H,4,,,1145000
